Package,LibPath,Version,Priority,Depends,Imports,LinkingTo,Suggests,Enhances,License,License_is_FOSS,License_restricts_use,OS_type,MD5sum,NeedsCompilation,Built
abind,C:/R/R-3.5.1/library,1.4-5,NA,R (>= 1.5.0),"methods, utils",NA,NA,NA,LGPL (>= 2),NA,NA,NA,NA,no,3.5.0
acs,C:/R/R-3.5.1/library,2.1.3,NA,"R (>= 2.10), stringr, methods, XML","graphics, stats, plyr, utils, httr",NA,,NA,GPL-3,NA,NA,NA,NA,no,3.5.1
AlgDesign,C:/R/R-3.5.1/library,1.1-7.3,NA,NA,NA,NA,NA,NA,GPL (>= 2),NA,NA,NA,NA,yes,3.5.0
assertthat,C:/R/R-3.5.1/library,0.2.0,NA,NA,tools,NA,testthat,NA,GPL-3,NA,NA,NA,NA,no,3.5.1
audio,C:/R/R-3.5.1/library,0.1-5.1,NA,R (>= 2.0.0),NA,NA,NA,NA,MIT + file LICENSE,NA,NA,NA,NA,yes,3.5.0
backports,C:/R/R-3.5.1/library,1.1.3,NA,R (>= 3.0.0),utils,NA,NA,NA,GPL-2,NA,NA,NA,NA,yes,3.5.2
base,C:/R/R-3.5.1/library,3.5.1,base,NA,NA,NA,methods,NA,Part of R 3.5.1,NA,NA,NA,NA,NA,3.5.1
base64enc,C:/R/R-3.5.1/library,0.1-3,NA,R (>= 2.9.0),NA,NA,NA,png,GPL-2 | GPL-3,NA,NA,NA,NA,yes,3.5.0
beepr,C:/R/R-3.5.1/library,1.3,NA,NA,"stringr (>= 1.0.0), audio",NA,NA,NA,GPL-3,NA,NA,NA,NA,no,3.5.1
BH,C:/R/R-3.5.1/library,1.69.0-1,NA,NA,NA,NA,NA,NA,BSL-1.0,NA,NA,NA,NA,no,3.5.2
bindr,C:/R/R-3.5.1/library,0.1.1,NA,NA,NA,NA,testthat,NA,MIT + file LICENSE,NA,NA,NA,NA,no,3.5.1
bindrcpp,C:/R/R-3.5.1/library,0.2.2,NA,NA,"bindr (>= 0.1.1), Rcpp (>= 0.12.16)","plogr, Rcpp",testthat,NA,MIT + file LICENSE,NA,NA,NA,NA,yes,3.5.1
BiocInstaller,C:/R/R-3.5.1/library,1.30.0,NA,R (>= 3.5.0),NA,NA,"remotes, RUnit, BiocGenerics",NA,Artistic-2.0,NA,NA,NA,NA,no,3.5.0
bit,C:/R/R-3.5.1/library,1.1-14,NA,R (>= 2.9.2),NA,NA,NA,NA,GPL-2,NA,NA,NA,NA,yes,3.5.0
bit64,C:/R/R-3.5.1/library,0.9-7,NA,"R (>= 3.0.1), bit (>= 1.1-12), utils, methods, stats",NA,NA,NA,NA,GPL-2,NA,NA,NA,NA,yes,3.5.0
bitops,C:/R/R-3.5.1/library,1.0-6,NA,NA,NA,NA,NA,NA,GPL (>= 2),NA,NA,NA,NA,yes,3.5.0
blob,C:/R/R-3.5.1/library,1.1.1,NA,NA,"methods, prettyunits",NA,"covr, pillar (>= 1.2.1), testthat",NA,GPL-3,NA,NA,NA,NA,no,3.5.1
boot,C:/R/R-3.5.1/library,1.3-20,recommended,"R (>= 3.0.0), graphics, stats",NA,NA,"MASS, survival",NA,Unlimited,NA,NA,NA,NA,no,3.5.1
brew,C:/R/R-3.5.1/library,1.0-6,NA,NA,NA,NA,NA,NA,GPL-2,NA,NA,NA,NA,NA,3.5.0
broom,C:/R/R-3.5.1/library,0.5.1,NA,R (>= 3.1),"backports, dplyr, generics (>= 0.0.2), methods, nlme, purrr,
reshape2, stringr, tibble, tidyr",NA,"AER, akima, AUC, bbmle, betareg, biglm, binGroup, boot, brms,
btergm, car, caret, coda, covr, e1071, emmeans, ergm, gam (>=
1.15), gamlss, gamlss.data, gamlss.dist, geepack, ggplot2,
glmnet, gmm, Hmisc, irlba, joineRML, Kendall, knitr, ks,
Lahman, lavaan, lfe, lme4, lmodel2, lmtest, lsmeans, maps,
maptools, MASS, Matrix, mclust, mgcv, muhaz, multcomp, network,
nnet, orcutt (>= 2.2), ordinal, plm, plyr, poLCA, psych,
quantreg, rgeos, rmarkdown, robust, rsample, rstan, rstanarm,
sp, speedglm, statnet.common, survey, survival, testthat,
tseries, xergm, zoo",NA,MIT + file LICENSE,NA,NA,NA,NA,no,3.5.2
callr,C:/R/R-3.5.1/library,3.1.1,NA,NA,"processx (>= 3.2.1), R6, utils",NA,"cliapp, covr, crayon, pingr, ps, testthat, withr",NA,MIT + file LICENSE,NA,NA,NA,NA,no,3.5.2
car,C:/R/R-3.5.1/library,3.0-2,NA,"R (>= 3.2.0), carData (>= 3.0-0)","abind, MASS, mgcv, nnet, pbkrtest (>= 0.4-4), quantreg,
grDevices, utils, stats, graphics, maptools, rio, lme4, nlme",NA,"alr4, boot, coxme, leaps, lmtest, Matrix, MatrixModels, rgl
(>= 0.93.960), sandwich, SparseM, survival, survey",NA,GPL (>= 2),NA,NA,NA,NA,no,3.5.1
carData,C:/R/R-3.5.1/library,3.0-2,NA,R (>= 3.0),NA,NA,NA,NA,GPL (>= 2),NA,NA,NA,NA,no,3.5.1
caTools,C:/R/R-3.5.1/library,1.17.1.1,NA,R (>= 2.2.0),bitops,NA,"MASS, rpart",NA,GPL-3,NA,NA,NA,NA,yes,3.5.1
cellranger,C:/R/R-3.5.1/library,1.1.0,NA,R (>= 3.0.0),"rematch, tibble",NA,"covr, testthat (>= 1.0.0), knitr, rmarkdown",NA,MIT + file LICENSE,NA,NA,NA,NA,no,3.5.1
class,C:/R/R-3.5.1/library,7.3-15,recommended,"R (>= 3.0.0), stats, utils",MASS,NA,NA,NA,GPL-2 | GPL-3,NA,NA,NA,NA,yes,3.5.2
classInt,C:/R/R-3.5.1/library,0.3-1,NA,R (>= 2.2),"grDevices, stats, graphics, e1071, class",NA,spData (>= 0.2.6.2),NA,GPL (>= 2),NA,NA,NA,NA,yes,3.5.2
cli,C:/R/R-3.5.1/library,1.0.1,NA,R (>= 2.10),"assertthat, crayon (>= 1.3.4), methods, utils",NA,"covr, fansi, mockery, testthat, webshot, withr",NA,MIT + file LICENSE,NA,NA,NA,NA,no,3.5.1
clipr,C:/R/R-3.5.1/library,0.5.0,NA,NA,utils,NA,"covr, rstudioapi (>= 0.5), testthat (>= 2.0.0)",NA,GPL-3,NA,NA,NA,NA,no,3.5.2
clisymbols,C:/R/R-3.5.1/library,1.2.0,NA,NA,NA,NA,testthat,NA,MIT + file LICENSE,NA,NA,NA,NA,no,3.5.1
cluster,C:/R/R-3.5.1/library,2.0.7-1,recommended,R (>= 3.2.0),"graphics, grDevices, stats, utils",NA,"MASS, Matrix",NA,GPL (>= 2),NA,NA,NA,NA,yes,3.5.1
codetools,C:/R/R-3.5.1/library,0.2-16,recommended,R (>= 2.1),NA,NA,NA,NA,GPL,NA,NA,NA,NA,no,3.5.2
colorspace,C:/R/R-3.5.1/library,1.4-0,NA,"R (>= 3.0.0), methods","graphics, grDevices, stats",NA,"datasets, utils, KernSmooth, MASS, kernlab, mvtnorm, vcd,
tcltk, shiny, shinyjs, ggplot2, dplyr, scales, grid, png, jpeg,
knitr, rmarkdown, RColorBrewer, rcartocolor, scico, viridis",NA,BSD_3_clause + file LICENSE,NA,NA,NA,NA,yes,3.5.1
compiler,C:/R/R-3.5.1/library,3.5.1,base,NA,NA,NA,NA,NA,Part of R 3.5.1,NA,NA,NA,NA,NA,3.5.1
crayon,C:/R/R-3.5.1/library,1.3.4,NA,NA,"grDevices, methods, utils",NA,"mockery, rstudioapi, testthat, withr",NA,MIT + file LICENSE,NA,NA,NA,NA,no,3.5.1
crosstalk,C:/R/R-3.5.1/library,1.0.0,NA,NA,"htmltools (>= 0.3.5), jsonlite, lazyeval, R6, shiny (>= 0.11),
ggplot2",NA,NA,NA,MIT + file LICENSE,NA,NA,NA,NA,no,3.5.1
curl,C:/R/R-3.5.1/library,3.3,NA,R (>= 3.0.0),NA,NA,"spelling, testthat (>= 1.0.0), knitr, jsonlite, rmarkdown,
magrittr, httpuv (>= 1.4.4), webutils",NA,MIT + file LICENSE,NA,NA,NA,NA,yes,3.5.2
data.table,C:/R/R-3.5.1/library,1.12.0,NA,R (>= 3.1.0),methods,NA,"bit64, curl, R.utils, knitr, xts, nanotime, zoo",NA,MPL-2.0 | file LICENSE,NA,NA,NA,NA,yes,3.5.1
data.tree,C:/R/R-3.5.1/library,0.7.8,NA,R (>= 3.0),"R6, stringr, methods, DiagrammeR (>= 1.0.0)",NA,"Formula, graphics, testthat, knitr, rmarkdown, ape, yaml,
networkD3, jsonlite, igraph, treemap, party, partykit,
doParallel, foreach, htmlwidgets",,GPL (>= 2),NA,NA,NA,NA,no,3.5.1
datasets,C:/R/R-3.5.1/library,3.5.1,base,NA,NA,NA,NA,NA,Part of R 3.5.1,NA,NA,NA,NA,NA,3.5.1
DBI,C:/R/R-3.5.1/library,1.0.0,NA,"R (>= 3.0.0), methods",NA,NA,"blob, covr, hms, knitr, magrittr, rprojroot, rmarkdown,
RSQLite (>= 1.1-2), testthat, xml2",NA,LGPL (>= 2),NA,NA,NA,NA,no,3.5.1
dbplyr,C:/R/R-3.5.1/library,1.3.0,NA,R (>= 3.1),"assertthat (>= 0.2.0), DBI (>= 1.0.0), dplyr (>= 0.7.5), glue
(>= 1.2.0), methods, purrr (>= 0.2.5), R6 (>= 2.2.2), rlang (>=
0.2.0), tibble (>= 1.4.2), tidyselect (>= 0.2.4), utils",NA,"bit64, covr, knitr, Lahman, nycflights13, RMariaDB (>=
1.0.2), rmarkdown, RMySQL (>= 0.10.11), RPostgreSQL (>= 0.4.1),
RSQLite (>= 2.1.0), testthat (>= 2.0.0), withr (>= 2.1.2)",NA,MIT + file LICENSE,NA,NA,NA,NA,no,3.5.2
DEoptimR,C:/R/R-3.5.1/library,1.0-8,NA,NA,stats,NA,NA,robustbase,GPL (>= 2),NA,NA,NA,NA,no,3.5.0
desc,C:/R/R-3.5.1/library,1.2.0,NA,R (>= 3.1.0),"assertthat, utils, R6, crayon, rprojroot",NA,"covr, testthat, whoami, withr",NA,MIT + file LICENSE,NA,NA,NA,NA,no,3.5.1
devtools,C:/R/R-3.5.1/library,2.0.1,NA,R (>= 3.0.2),"callr, cli, digest, git2r (>= 0.23.0), httr (>= 0.4),
jsonlite, memoise (>= 1.0.0), pkgbuild (>= 1.0.2), pkgload (>=
1.0.1), rcmdcheck (>= 1.3.0), remotes (>= 2.0.0), rstudioapi
(>= 0.6.0.9000), sessioninfo, stats, tools, usethis (>= 1.4.0),
utils, withr",NA,"BiocInstaller, BiocManager, bitops, covr (>= 3.2.0), crayon,
curl (>= 0.9), evaluate, foghorn (>= 1.0.1), gmailr (> 0.7.0),
knitr, lintr (>= 0.2.1), mockery, pingr, MASS, pkgdown, Rcpp
(>= 0.10.0), rhub, rmarkdown, roxygen2 (>= 6.1.0), rversions,
spelling (>= 1.1), testthat (>= 1.0.2), whisker",NA,GPL (>= 2),NA,NA,NA,NA,no,3.5.1
DiagrammeR,C:/R/R-3.5.1/library,1.0.0,NA,R (>= 3.2.0),"dplyr (>= 0.7.4), downloader (>= 0.4), glue (>= 1.2.0),
htmltools (>= 0.3.6), htmlwidgets (>= 1.0), igraph (>= 1.1.2),
influenceR (>= 0.1.0), magrittr (>= 1.5), purrr (>= 0.2.4),
RColorBrewer (>= 1.1-2), readr (>= 1.1.1), rlang (>= 0.2.0),
rstudioapi (>= 0.7), rgexf (>= 0.15.3), scales (>= 0.5.0),
stringr (>= 1.3.0), tibble (>= 1.4.2), tidyr (>= 0.8.0),
viridis (>= 0.5.0), visNetwork (>= 2.0.3)",NA,"covr, DiagrammeRsvg, rsvg, knitr, testthat",NA,MIT + file LICENSE,NA,NA,NA,NA,no,3.5.1
digest,C:/R/R-3.5.1/library,0.6.18,NA,R (>= 3.1.0),NA,NA,"knitr, rmarkdown",NA,GPL (>= 2),NA,NA,NA,NA,yes,3.5.1
doParallel,C:/R/R-3.5.1/library,1.0.14,NA,"R (>= 2.14.0), foreach(>= 1.2.0), iterators(>= 1.0.0),
parallel, utils",NA,NA,"caret, mlbench, rpart, RUnit",compiler,GPL-2,NA,NA,NA,NA,no,3.5.1
downloader,C:/R/R-3.5.1/library,0.4,NA,NA,"utils, digest",NA,testthat,NA,GPL-2,NA,NA,NA,NA,no,3.5.1
dplyr,C:/R/R-3.5.1/library,0.7.8,NA,R (>= 3.1.2),"assertthat (>= 0.2.0), bindrcpp (>= 0.2.0.9000), glue (>=
1.1.1), magrittr (>= 1.5), methods, pkgconfig (>= 2.0.1), R6
(>= 2.2.2), Rcpp (>= 0.12.19), rlang (>= 0.3.0), tibble (>=
1.4.2), tidyselect (>= 0.2.3), utils","BH (>= 1.58.0-1), bindrcpp (>= 0.2.0.9000), plogr (>=
0.1.10), Rcpp (>= 0.12.15)","bit64 (>= 0.9.7), callr, covr (>= 3.0.1), DBI (>= 0.7.14),
dbplyr (>= 1.2.0), dtplyr (>= 0.0.2), ggplot2 (>= 2.2.1), hms
(>= 0.4.1), knitr (>= 1.19), Lahman (>= 3.0-1), lubridate,
MASS, mgcv (>= 1.8.23), microbenchmark (>= 1.4.4), nycflights13
(>= 0.2.2), rmarkdown (>= 1.8), RMySQL (>= 0.10.13),
RPostgreSQL (>= 0.6.2), RSQLite (>= 2.0), testthat (>= 2.0.0),
withr (>= 2.1.1)",NA,MIT + file LICENSE,NA,NA,NA,NA,yes,3.5.1
DT,C:/R/R-3.5.1/library,0.5,NA,NA,"htmltools (>= 0.3.6), htmlwidgets (>= 1.3), magrittr,
crosstalk, promises",NA,"jsonlite (>= 0.9.16), knitr (>= 1.8), rmarkdown, shiny (>=
0.12.1)",NA,GPL-3 | file LICENSE,NA,NA,NA,NA,no,3.5.1
e1071,C:/R/R-3.5.1/library,1.7-0,NA,NA,"graphics, grDevices, class, stats, methods, utils",NA,"cluster, mlbench, nnet, randomForest, rpart, SparseM, xtable,
Matrix, MASS",NA,GPL-2,NA,NA,NA,NA,yes,3.5.1
evaluate,C:/R/R-3.5.1/library,0.12,NA,R (>= 3.0.2),methods,NA,"testthat, lattice, ggplot2",NA,MIT + file LICENSE,NA,NA,NA,NA,no,3.5.1
fansi,C:/R/R-3.5.1/library,0.4.0,NA,R (>= 3.1.0),NA,NA,"unitizer, knitr, rmarkdown",NA,GPL (>= 2),NA,NA,NA,NA,yes,3.5.1
filelock,C:/R/R-3.5.1/library,1.0.2,NA,NA,NA,NA,"callr (>= 2.0.0), covr, testthat",NA,MIT + file LICENSE,NA,NA,NA,NA,yes,3.5.1
forcats,C:/R/R-3.5.1/library,0.3.0,NA,R (>= 3.1),"magrittr, rlang, tibble",NA,"covr, ggplot2, testthat",NA,GPL-3,NA,NA,NA,NA,no,3.5.1
foreach,C:/R/R-3.5.1/library,1.4.4,NA,R (>= 2.5.0),"codetools, utils, iterators",NA,randomForest,"compiler, doMC, RUnit, doParallel",Apache License (== 2.0),NA,NA,NA,NA,no,3.5.1
foreign,C:/R/R-3.5.1/library,0.8-71,recommended,R (>= 3.0.0),"methods, utils, stats",NA,NA,NA,GPL (>= 2),NA,NA,NA,NA,yes,3.5.1
fs,C:/R/R-3.5.1/library,1.2.6,NA,R (>= 3.1),"methods, Rcpp",Rcpp,"testthat, covr, pillar (>= 1.0.0), crayon, withr",NA,GPL-3,NA,NA,NA,NA,yes,3.5.2
gdtools,C:/R/R-3.5.1/library,0.1.7,NA,NA,"Rcpp (>= 0.12.12), withr",Rcpp,"htmltools, testthat, fontquiver (>= 0.2.0), curl",NA,GPL-3 | file LICENSE,NA,NA,NA,NA,yes,3.5.1
generics,C:/R/R-3.5.1/library,0.0.2,NA,R (>= 3.1),methods,NA,"covr, pkgload, testthat, tibble",NA,GPL-2,NA,NA,NA,NA,no,3.5.2
getPass,C:/R/R-3.5.1/library,0.2-2,NA,R (>= 3.0.0),"utils, rstudioapi (>= 0.5)",NA,argon2,NA,BSD 2-clause License + file LICENSE,NA,NA,NA,NA,yes,3.5.1
ggplot2,C:/R/R-3.5.1/library,3.1.0,NA,R (>= 3.1),"digest, grid, gtable (>= 0.1.1), lazyeval, MASS, mgcv, plyr
(>= 1.7.1), reshape2, rlang (>= 0.2.1), scales (>= 0.5.0),
stats, tibble, viridisLite, withr (>= 2.0.0)",NA,"covr, dplyr, ggplot2movies, hexbin, Hmisc, lattice, mapproj,
maps, maptools, multcomp, munsell, nlme, testthat (>= 0.11.0),
vdiffr, quantreg, knitr, rgeos, rpart, rmarkdown, sf (>=
0.3-4), svglite (>= 1.2.0.9001)",sp,GPL-2 | file LICENSE,NA,NA,NA,NA,no,3.5.1
ggrepel,C:/R/R-3.5.1/library,0.8.0,NA,"R (>= 3.0.0), ggplot2 (>= 2.2.0)","grid, Rcpp, scales (>= 0.3.0)",Rcpp,"knitr, rmarkdown, testthat, gridExtra, devtools, prettydoc",NA,GPL-3 | file LICENSE,NA,NA,NA,NA,yes,3.5.1
ggthemes,C:/R/R-3.5.1/library,4.0.1,NA,R (>= 3.0.0),"ggplot2 (>= 3.0.0), graphics, grid, methods, purrr, scales,
stringr, tibble",NA,"dplyr, covr, extrafont, glue, knitr, lattice, lintr, maps,
mapproj, pander, rlang, rmarkdown, spelling, testthat, tidyr,
vdiffr, withr",NA,GPL-2,NA,NA,NA,NA,no,3.5.1
gh,C:/R/R-3.5.1/library,1.0.1,NA,NA,"ini, jsonlite, httr",NA,"covr, pingr, testthat",NA,MIT + file LICENSE,NA,NA,NA,NA,no,3.5.1
git2r,C:/R/R-3.5.1/library,0.24.0,NA,R (>= 3.1),"graphics, utils",NA,getPass,NA,GPL-2,NA,NA,NA,NA,yes,3.5.2
glue,C:/R/R-3.5.1/library,1.3.0,NA,R (>= 3.1),methods,NA,"testthat, covr, magrittr, crayon, knitr, rmarkdown, DBI,
RSQLite, R.utils, forcats, microbenchmark, rprintf, stringr,
ggplot2, dplyr, withr",NA,MIT + file LICENSE,NA,NA,NA,NA,yes,3.5.1
Gmedian,C:/R/R-3.5.1/library,1.2.4,NA,R (>= 3.0.0),"Rcpp (>= 0.12.6), RSpectra, robustbase","Rcpp, RcppArmadillo, RSpectra",NA,NA,GPL (>= 2),NA,NA,NA,NA,yes,3.5.1
GPArotation,C:/R/R-3.5.1/library,2014.11-1,NA,R (>= 2.0.0),NA,NA,NA,NA,GPL (>= 2) | file LICENSE,NA,NA,NA,NA,no,3.5.0
graphics,C:/R/R-3.5.1/library,3.5.1,base,NA,grDevices,NA,NA,NA,Part of R 3.5.1,NA,NA,NA,NA,yes,3.5.1
grDevices,C:/R/R-3.5.1/library,3.5.1,base,NA,NA,NA,KernSmooth,NA,Part of R 3.5.1,NA,NA,NA,NA,yes,3.5.1
grid,C:/R/R-3.5.1/library,3.5.1,base,NA,"grDevices, utils",NA,lattice,NA,Part of R 3.5.1,NA,NA,NA,NA,yes,3.5.1
gridExtra,C:/R/R-3.5.1/library,2.3,NA,NA,"gtable, grid, grDevices, graphics, utils",NA,"ggplot2, egg, lattice, knitr, testthat",NA,GPL (>= 2),NA,NA,NA,NA,no,3.5.1
gtable,C:/R/R-3.5.1/library,0.2.0,NA,R (>= 2.14),grid,NA,"testthat, covr",NA,GPL-2,NA,NA,NA,NA,no,3.5.1
haven,C:/R/R-3.5.1/library,2.0.0,NA,R (>= 3.1),"forcats (>= 0.2.0), hms, Rcpp (>= 0.11.4), readr (>= 0.1.0),
tibble",Rcpp,"covr, fs, knitr, rmarkdown, testthat",NA,MIT + file LICENSE,NA,NA,NA,NA,yes,3.5.1
here,C:/R/R-3.5.1/library,0.1,NA,NA,rprojroot (>= 1.2),NA,NA,NA,GPL-3,NA,NA,NA,NA,no,3.5.2
hexbin,C:/R/R-3.5.1/library,1.27.2,NA,"R (>= 2.0.1), methods","lattice, grid, graphics, grDevices, stats, utils",NA,"marray, affy, Biobase, limma",NA,GPL-2,NA,NA,NA,NA,yes,3.5.1
highr,C:/R/R-3.5.1/library,0.7,NA,R (>= 3.0.2),NA,NA,"knitr, testit",NA,GPL,NA,NA,NA,NA,no,3.5.1
hms,C:/R/R-3.5.1/library,0.4.2,NA,NA,"methods, pkgconfig, rlang",NA,"crayon, lubridate, pillar (>= 1.1.0), testthat",NA,GPL-3,NA,NA,NA,NA,no,3.5.1
htmltools,C:/R/R-3.5.1/library,0.3.6,NA,R (>= 2.14.1),"utils, digest, Rcpp",Rcpp,"markdown, testthat",knitr,GPL (>= 2),NA,NA,NA,NA,yes,3.5.1
htmlwidgets,C:/R/R-3.5.1/library,1.3,NA,NA,"grDevices, htmltools (>= 0.3), jsonlite (>= 0.9.16), yaml",NA,knitr (>= 1.8),shiny (>= 1.1),MIT + file LICENSE,NA,NA,NA,NA,no,3.5.1
httpuv,C:/R/R-3.5.1/library,1.4.5.1,NA,"R (>= 2.15.1), methods","Rcpp (>= 0.11.0), utils, promises, later (>= 0.7.3)","Rcpp, BH, later","testthat, callr",NA,GPL (>= 2) | file LICENSE,NA,NA,NA,NA,yes,3.5.2
httr,C:/R/R-3.5.1/library,1.4.0,NA,R (>= 3.1),"curl (>= 0.9.1), jsonlite, mime, openssl (>= 0.8), R6",NA,"covr, httpuv, jpeg, knitr, png, readr, rmarkdown, testthat
(>= 0.8.0), xml2",NA,MIT + file LICENSE,NA,NA,NA,NA,no,3.5.2
igraph,C:/R/R-3.5.1/library,1.2.2,NA,methods,"graphics, grDevices, magrittr, Matrix, pkgconfig (>= 2.0.0),
stats, utils",NA,"ape, digest, graph, igraphdata, rgl, scales, stats4, tcltk,
testthat",NA,GPL (>= 2),NA,NA,NA,NA,yes,3.5.1
import,C:/R/R-3.5.1/library,1.1.0,NA,NA,NA,NA,knitr,NA,MIT + file LICENSE,NA,NA,NA,NA,no,3.5.1
influenceR,C:/R/R-3.5.1/library,0.1.0,NA,R (>= 3.2.0),"igraph (>= 1.0.1), Matrix (>= 1.1-4), methods, utils",NA,testthat,NA,GPL-2,NA,NA,NA,NA,yes,3.5.1
ini,C:/R/R-3.5.1/library,0.3.1,NA,NA,NA,NA,testthat,NA,GPL-3,NA,NA,NA,NA,no,3.5.1
iterators,C:/R/R-3.5.1/library,1.0.10,NA,"R (>= 2.5.0), utils",NA,NA,"RUnit, foreach",NA,Apache License (== 2.0),NA,NA,NA,NA,no,3.5.1
jsonlite,C:/R/R-3.5.1/library,1.6,NA,methods,NA,NA,"httr, curl, plyr, testthat, knitr, rmarkdown, R.rsp, sp",NA,MIT + file LICENSE,NA,NA,NA,NA,yes,3.5.2
KernSmooth,C:/R/R-3.5.1/library,2.23-15,recommended,"R (>= 2.5.0), stats",NA,NA,MASS,NA,Unlimited,NA,NA,NA,NA,yes,3.5.1
keyring,C:/R/R-3.5.1/library,1.1.0,NA,NA,"assertthat, getPass, openssl, R6, utils, sodium, yaml,
filelock, rappdirs, tools",NA,"callr, covr, mockery, testthat, withr",NA,MIT + file LICENSE,NA,NA,NA,NA,yes,3.5.1
knitr,C:/R/R-3.5.1/library,1.21,NA,R (>= 3.1.0),"evaluate (>= 0.10), highr, markdown, stringr (>= 0.6), yaml
(>= 2.1.19), methods, xfun, tools",NA,"formatR, testit, digest, rgl (>= 0.95.1201), codetools,
rmarkdown, htmlwidgets (>= 0.7), webshot, tikzDevice (>= 0.10),
tinytex, reticulate (>= 1.4), JuliaCall (>= 0.11.1), png, jpeg,
gifski, xml2 (>= 1.2.0), httr, DBI (>= 0.4-1), showtext,
tibble, styler",NA,GPL,NA,NA,NA,NA,no,3.5.2
labeling,C:/R/R-3.5.1/library,0.3,NA,NA,NA,NA,NA,NA,MIT + file LICENSE | Unlimited,NA,NA,NA,NA,no,3.5.0
later,C:/R/R-3.5.1/library,0.7.5,NA,NA,"Rcpp (>= 0.12.9), rlang","Rcpp, BH","knitr, rmarkdown, testthat",NA,GPL (>= 2),NA,NA,NA,NA,yes,3.5.1
lattice,C:/R/R-3.5.1/library,0.20-38,recommended,R (>= 3.0.0),"grid, grDevices, graphics, stats, utils",NA,"KernSmooth, MASS, latticeExtra",chron,GPL (>= 2),NA,NA,NA,NA,yes,3.5.1
lazyeval,C:/R/R-3.5.1/library,0.2.1,NA,R (>= 3.1.0),NA,NA,"knitr, rmarkdown (>= 0.2.65), testthat, covr",NA,GPL-3,NA,NA,NA,NA,yes,3.5.1
leaflet,C:/R/R-3.5.1/library,2.0.2,NA,R (>= 3.1.0),"base64enc, crosstalk, htmlwidgets, htmltools, magrittr,
markdown, methods, png, RColorBrewer, raster, scales (>=
1.0.0), sp, stats, viridis (>= 0.5.1)",NA,"knitr, maps, sf, shiny, testit (>= 0.4), rgdal, rgeos, R6,
RJSONIO, purrr, testthat",NA,GPL-3,NA,NA,NA,NA,no,3.5.1
lme4,C:/R/R-3.5.1/library,1.1-19,NA,"R (>= 3.2.0), Matrix (>= 1.2-1), methods, stats","graphics, grid, splines, utils, parallel, MASS, lattice, nlme
(>= 3.1-123), minqa (>= 1.1.15), nloptr (>= 1.0.4)","Rcpp (>= 0.10.5), RcppEigen","knitr, boot, PKPDmodels, MEMSS, testthat (>= 0.8.1), ggplot2,
mlmRev, optimx (>= 2013.8.6), gamm4, pbkrtest, HSAUR2,
numDeriv, car, dfoptim",NA,GPL (>= 2),NA,NA,NA,NA,yes,3.5.1
lubridate,C:/R/R-3.5.1/library,1.7.4,NA,"methods, R (>= 3.0.0)","stringr, Rcpp (>= 0.12.13),","Rcpp,","testthat, knitr, covr","chron, fts, timeSeries, timeDate, tis, tseries, xts, zoo",GPL (>= 2),NA,NA,NA,NA,yes,3.5.1
magrittr,C:/R/R-3.5.1/library,1.5,NA,NA,NA,NA,"testthat, knitr",NA,MIT + file LICENSE,NA,NA,NA,NA,no,3.5.1
maptools,C:/R/R-3.5.1/library,0.9-4,NA,"R (>= 2.10), sp (>= 1.0-11)","foreign (>= 0.8), methods, grid, lattice, stats, utils,
grDevices",NA,"rgeos (>= 0.1-8), spatstat (>= 1.50), PBSmapping, maps,
RColorBrewer, raster, polyclip, spatstat.utils","gpclib, RArcInfo",GPL (>= 2),NA,NA,NA,NA,yes,3.5.1
mapview,C:/R/R-3.5.1/library,2.6.3,NA,"methods, R (>= 2.10)","base64enc, brew, htmltools, htmlwidgets, lattice, leaflet (>=
2.0.0), png, raster, Rcpp (>= 0.11.3), satellite, scales (>=
0.2.5), sf, sp, svglite, uuid, viridisLite, webshot",Rcpp,"covr, dplyr, knitr, lwgeom, rmarkdown, stars, testthat",NA,GPL (>= 3) | file LICENSE,NA,NA,NA,NA,yes,3.5.2
markdown,C:/R/R-3.5.1/library,0.9,NA,R (>= 2.11.1),"utils, mime (>= 0.3)",NA,"knitr, RCurl",NA,GPL-2,NA,NA,NA,NA,yes,3.5.2
MASS,C:/R/R-3.5.1/library,7.3-51.1,recommended,"R (>= 3.1.0), grDevices, graphics, stats, utils",methods,NA,"lattice, nlme, nnet, survival",NA,GPL-2 | GPL-3,NA,NA,NA,NA,yes,3.5.1
Matrix,C:/R/R-3.5.1/library,1.2-15,recommended,R (>= 3.2.0),"methods, graphics, grid, stats, utils, lattice",NA,"expm, MASS","MatrixModels, graph, SparseM, sfsmisc",GPL (>= 2) | file LICENCE,NA,NA,NA,NA,yes,3.5.1
MatrixModels,C:/R/R-3.5.1/library,0.4-1,NA,R (>= 3.0.1),"stats, methods, Matrix (>= 1.1-5)",NA,NA,NA,GPL (>= 2),NA,NA,NA,NA,no,3.5.1
matrixStats,C:/R/R-3.5.1/library,0.54.0,NA,R (>= 2.12.0),NA,NA,"base64enc, ggplot2, knitr, microbenchmark, R.devices, R.rsp",NA,Artistic-2.0,NA,NA,NA,NA,yes,3.5.1
memoise,C:/R/R-3.5.1/library,1.1.0,NA,NA,digest (>= 0.6.3),NA,"testthat, aws.s3, httr, covr",NA,MIT + file LICENSE,NA,NA,NA,NA,no,3.5.1
methods,C:/R/R-3.5.1/library,3.5.1,base,NA,"utils, stats",NA,codetools,NA,Part of R 3.5.1,NA,NA,NA,NA,yes,3.5.1
mgcv,C:/R/R-3.5.1/library,1.8-26,recommended,"R (>= 2.14.0), nlme (>= 3.1-64)","methods, stats, graphics, Matrix",NA,"splines, parallel, survival, MASS",NA,GPL (>= 2),NA,NA,NA,NA,yes,3.5.1
mime,C:/R/R-3.5.1/library,0.6,NA,NA,tools,NA,NA,NA,GPL,NA,NA,NA,NA,yes,3.5.1
miniUI,C:/R/R-3.5.1/library,0.1.1.1,NA,NA,"shiny (>= 0.13), htmltools (>= 0.3), utils",NA,NA,NA,GPL-3,NA,NA,NA,NA,no,3.5.1
minqa,C:/R/R-3.5.1/library,1.2.4,NA,NA,Rcpp (>= 0.9.10),Rcpp,NA,NA,GPL-2,NA,NA,NA,NA,yes,3.5.1
mnormt,C:/R/R-3.5.1/library,1.5-5,NA,R (>= 2.2.0),NA,NA,NA,NA,GPL-2 | GPL-3,NA,NA,NA,NA,yes,3.5.0
modelr,C:/R/R-3.5.1/library,0.1.2,NA,R (>= 3.1),"broom, dplyr, magrittr, purrr (>= 0.2.2), tibble, tidyr (>=
0.8.0), rlang (>= 0.2.0)",NA,"compiler, covr, ggplot2, testthat",NA,GPL-3,NA,NA,NA,NA,no,3.5.1
munsell,C:/R/R-3.5.1/library,0.5.0,NA,NA,"colorspace, methods",NA,"ggplot2, testthat",NA,MIT + file LICENSE,NA,NA,NA,NA,no,3.5.1
mvtnorm,C:/R/R-3.5.1/library,1.0-8,NA,R(>= 1.9.0),"stats, methods",NA,NA,NA,GPL-2,NA,NA,NA,NA,yes,3.5.0
ncdf4,C:/R/R-3.5.1/library,1.16,NA,NA,NA,NA,NA,NA,GPL (>= 3),NA,NA,NA,NA,yes,3.5.0
ncmeta,C:/R/R-3.5.1/library,0.0.3,NA,R (>= 3.3.0),"dplyr, rlang, RNetCDF, tibble",NA,"testthat, covr",NA,GPL-3,NA,NA,NA,NA,no,3.5.1
NeuralNetTools,C:/R/R-3.5.1/library,1.5.2,NA,R (>= 3.1.1),"ggplot2 (>= 2.0.0), nnet, reshape2, scales, tidyr",NA,"caret, neuralnet, RSNNS",NA,CC0,NA,NA,NA,NA,no,3.5.1
nlme,C:/R/R-3.5.1/library,3.1-137,recommended,R (>= 3.4.0),"graphics, stats, utils, lattice",NA,"Hmisc, MASS",NA,GPL (>= 2) | file LICENCE,NA,NA,NA,NA,yes,3.5.1
nloptr,C:/R/R-3.5.1/library,1.2.1,NA,NA,NA,NA,"testthat (>= 0.8.1), knitr, rmarkdown, inline (>= 0.3.14)",NA,LGPL-3,NA,NA,NA,NA,yes,3.5.1
NLP,C:/R/R-3.5.1/library,0.2-0,NA,R (>= 3.2.0),utils,NA,NA,"udpipe, spacyr, cleanNLP",GPL-3,NA,NA,NA,NA,no,3.5.1
nnet,C:/R/R-3.5.1/library,7.3-12,recommended,"R (>= 2.14.0), stats, utils",NA,NA,MASS,NA,GPL-2 | GPL-3,NA,NA,NA,NA,yes,3.5.1
odbc,C:/R/R-3.5.1/library,1.1.6,NA,R (>= 3.2.0),"DBI (>= 1.0.0), methods, Rcpp (>= 0.12.11), blob (>= 1.1.0),
bit64, hms","Rcpp, BH","tibble, DBItest, testthat, covr, magrittr",NA,MIT + file LICENSE,NA,NA,NA,NA,yes,3.5.1
openssl,C:/R/R-3.5.1/library,1.1,NA,NA,NA,NA,"testthat, digest, knitr, rmarkdown, jsonlite, jose",NA,MIT + file LICENSE,NA,NA,NA,NA,yes,3.5.1
openxlsx,C:/R/R-3.5.1/library,4.1.0,NA,R (>= 3.3.0),"methods, Rcpp, grDevices, stats, utils, zip",Rcpp,"knitr, testthat",NA,MIT + file LICENSE,NA,NA,NA,NA,yes,3.5.1
pacman,C:/R/R-3.5.1/library,0.5.0,NA,R (>= 3.5.0),"remotes, methods, stats, utils",NA,"BiocManager, knitr, lattice, testthat (>= 0.9.0), XML",NA,GPL-2,NA,NA,NA,NA,no,3.5.1
pander,C:/R/R-3.5.1/library,0.6.3,NA,R (>= 2.15.0),"grDevices, graphics, methods, utils, stats, digest, tools,
Rcpp",Rcpp,"grid, lattice, ggplot2 (>= 0.9.2), sylly, sylly.en,
futile.logger, survival, microbenchmark, zoo, nlme, descr,
MASS, knitr, rmarkdown, tables, reshape, memisc, Epi,
randomForest, tseries, gtable, rms, forecast, data.table",NA,AGPL-3 | file LICENSE,NA,NA,NA,NA,yes,3.5.1
parallel,C:/R/R-3.5.1/library,3.5.1,base,NA,"tools, compiler",NA,methods,"snow, nws, Rmpi",Part of R 3.5.1,NA,NA,NA,NA,yes,3.5.1
pbkrtest,C:/R/R-3.5.1/library,0.4-7,NA,"R (>= 3.2.3), lme4 (>= 1.1.10)","Matrix (>= 1.2.3), parallel, MASS, methods",NA,NA,NA,GPL (>= 2),NA,NA,NA,NA,no,3.5.1
pillar,C:/R/R-3.5.1/library,1.3.1,NA,NA,"cli (>= 1.0.0), crayon (>= 1.3.4), fansi (>= 0.4.0), methods,
rlang (>= 0.3.0.1), utf8 (>= 1.1.3)",NA,"knitr (>= 1.19), lubridate (>= 1.7.4), testthat (>= 2.0.0),
withr (>= 2.1.2)",NA,GPL-3,NA,NA,NA,NA,no,3.5.2
pkgbuild,C:/R/R-3.5.1/library,1.0.2,NA,R (>= 3.1),"callr (>= 2.0.0), cli, crayon, desc, prettyunits, R6,
rprojroot, withr (>= 2.1.2)",NA,"Rcpp, testthat, covr",NA,GPL-3,NA,NA,NA,NA,no,3.5.1
pkgconfig,C:/R/R-3.5.1/library,2.0.2,NA,NA,utils,NA,"covr, testthat, disposables (>= 1.0.3)",NA,MIT + file LICENSE,NA,NA,NA,NA,no,3.5.1
pkgload,C:/R/R-3.5.1/library,1.0.2,NA,NA,"desc, methods, pkgbuild, rlang, rprojroot, rstudioapi, utils,
withr",NA,"bitops, covr, Rcpp, testthat",NA,GPL-3,NA,NA,NA,NA,yes,3.5.1
plogr,C:/R/R-3.5.1/library,0.2.0,NA,NA,NA,NA,Rcpp,NA,MIT + file LICENSE,NA,NA,NA,NA,no,3.5.1
plotly,C:/R/R-3.5.1/library,4.8.0,NA,"R (>= 3.2.0), ggplot2 (>= 3.0.0)","tools, scales, httr, jsonlite, magrittr, digest, viridisLite,
base64enc, htmltools, htmlwidgets (>= 1.2), tidyr, hexbin,
RColorBrewer, dplyr, tibble, lazyeval (>= 0.2.0), rlang,
crosstalk, purrr, data.table, promises",NA,"MASS, maps, ggthemes, GGally, testthat, knitr, devtools,
shiny (>= 1.1.0), curl, rmarkdown, Rserve, RSclient, Cairo,
broom, webshot, listviewer, dendextend, sf, maptools, rgeos,
png, IRdisplay, processx, plotlyGeoAssets, forcats",NA,MIT + file LICENSE,NA,NA,NA,NA,no,3.5.1
plyr,C:/R/R-3.5.1/library,1.8.4,NA,R (>= 3.1.0),Rcpp (>= 0.11.0),Rcpp,"abind, testthat, tcltk, foreach, doParallel, itertools,
iterators, covr",NA,MIT + file LICENSE,NA,NA,NA,NA,yes,3.5.1
png,C:/R/R-3.5.1/library,0.1-7,NA,R (>= 2.9.0),NA,NA,NA,NA,GPL-2 | GPL-3,NA,NA,NA,NA,yes,3.5.0
polycor,C:/R/R-3.5.1/library,0.7-9,NA,R (>= 3.3.0),"stats, mvtnorm, Matrix",NA,NA,NA,GPL (>= 2),NA,NA,NA,NA,no,3.5.1
prettyunits,C:/R/R-3.5.1/library,1.0.2,NA,NA,"magrittr, assertthat, methods",NA,testthat,NA,MIT + file LICENSE,NA,NA,NA,NA,no,3.5.1
processx,C:/R/R-3.5.1/library,3.2.1,NA,NA,"ps, R6, utils",NA,"callr, covr, crayon, debugme, parallel, testthat, withr",NA,MIT + file LICENSE,NA,NA,NA,NA,yes,3.5.2
progress,C:/R/R-3.5.1/library,1.2.0,NA,NA,"hms, prettyunits, R6, crayon",NA,"Rcpp, testthat, withr",NA,MIT + file LICENSE,NA,NA,NA,NA,no,3.5.2
promises,C:/R/R-3.5.1/library,1.0.1,NA,NA,"R6, Rcpp, later, rlang, stats, magrittr","later, Rcpp","testthat, future, knitr, rmarkdown",NA,MIT + file LICENSE,NA,NA,NA,NA,yes,3.5.1
pryr,C:/R/R-3.5.1/library,0.1.4,NA,R (>= 3.1.0),"stringr, codetools, methods, Rcpp (>= 0.11.0)",Rcpp,testthat (>= 0.8.0),NA,GPL-2,NA,NA,NA,NA,yes,3.5.1
ps,C:/R/R-3.5.1/library,1.3.0,NA,R (>= 3.1),utils,NA,"callr, covr, curl, pingr, processx (>= 3.1.0), R6, rlang,
testthat, tibble",NA,BSD_3_clause + file LICENSE,NA,NA,NA,NA,yes,3.5.2
psych,C:/R/R-3.5.1/library,1.8.12,NA,R (>= 2.10),"mnormt,parallel,stats,graphics,grDevices,methods,foreign,lattice,nlme",NA,"GPArotation, lavaan, sem, lme4,Rcsdp, graph, Rgraphviz",NA,GPL (>= 2),NA,NA,NA,NA,no,3.5.1
purrr,C:/R/R-3.5.1/library,0.2.5,NA,R (>= 3.1),"magrittr (>= 1.5), rlang (>= 0.1), tibble",NA,"covr, dplyr (>= 0.7.5), knitr, rmarkdown, testthat",NA,GPL-3 | file LICENSE,NA,NA,NA,NA,yes,3.5.1
quantreg,C:/R/R-3.5.1/library,5.38,NA,"R (>= 2.6), stats, SparseM","methods, graphics, Matrix, MatrixModels",NA,"tripack, akima, MASS, survival, rgl, logspline, nor1mix,
Formula, zoo",NA,GPL (>= 2),NA,NA,NA,NA,yes,3.5.2
R6,C:/R/R-3.5.1/library,2.3.0,NA,R (>= 3.0),NA,NA,"knitr, microbenchmark, pryr, testthat, ggplot2, scales",NA,MIT + file LICENSE,NA,NA,NA,NA,no,3.5.1
radiant,C:/R/R-3.5.1/library,0.9.7,NA,"R (>= 3.4.0), radiant.data (>= 0.9.7), radiant.design (>=
0.9.7), radiant.basics (>= 0.9.7), radiant.model (>= 0.9.7),
radiant.multivariate (>= 0.9.7)","shiny (>= 1.1.0), import (>= 1.1.0)",NA,"testthat (>= 2.0.0), knitr, rmarkdown",NA,AGPL-3 | file LICENSE,NA,NA,NA,NA,no,3.5.1
radiant.basics,C:/R/R-3.5.1/library,0.9.7,NA,"R (>= 3.4.0), radiant.data (>= 0.9.7)","ggplot2 (>= 2.2.1), gridExtra (>= 2.0.0), scales (>= 0.4.0),
dplyr (>= 0.7.6), tidyr (>= 0.8.0), magrittr (>= 1.5), shiny
(>= 1.1.0), psych (>= 1.8.3.3), import (>= 1.1.0)",NA,"testthat (>= 2.0.0), pkgdown (>= 1.1.0)",NA,AGPL-3 | file LICENSE,NA,NA,NA,NA,no,3.5.1
radiant.data,C:/R/R-3.5.1/library,0.9.7,NA,"R (>= 3.4.0), magrittr (>= 1.5), ggplot2 (>= 2.2.1), lubridate
(>= 1.7.4), tidyr (>= 0.8.0), dplyr (>= 0.7.6)","tibble (>= 1.4.2), rlang (>= 0.2.2), broom (>= 0.4.3), car (>=
3.0-0), grid (>= 3.3.1), gridExtra (>= 2.0.0), knitr (>= 1.20),
markdown (>= 0.8), rmarkdown(>= 1.9), shiny (>= 1.1.0),
jsonlite (>= 1.0), shinyAce (>= 0.3.1), psych (>= 1.8.4), DT
(>= 0.4), readr (>= 1.1.1), readxl (>= 1.0.0), writexl (>=
0.2), scales (>= 0.4.0), curl (>= 2.5), rstudioapi (>= 0.7),
import (>= 1.1.0), plotly (>= 4.7.1), glue (>= 1.3.0),
shinyFiles (>= 0.7.1), summarytools (>= 0.8.7), base64enc",NA,"svglite (>= 1.2.1), DBI (>= 0.7), RSQLite (>= 2.0), odbc (>=
1.1.4), webshot (>= 0.5.0), testthat (>= 2.0.0), pkgdown (>=
1.1.0)",NA,AGPL-3 | file LICENSE,NA,NA,NA,NA,no,3.5.1
radiant.design,C:/R/R-3.5.1/library,0.9.7,NA,"R (>= 3.4.0), radiant.data (>= 0.9.7), mvtnorm","dplyr (>= 0.7.6), shiny (>= 1.1.0), AlgDesign (>= 1.1.7.3),
import (>= 1.1.0), polycor",NA,"testthat (>= 2.0.0), pkgdown (>= 1.1.0)",NA,AGPL-3 | file LICENSE,NA,NA,NA,NA,no,3.5.1
radiant.model,C:/R/R-3.5.1/library,0.9.7,NA,"R (>= 3.4.0), radiant.data (>= 0.9.7)","radiant.basics (>= 0.9.7), shiny (>= 1.1.0), nnet (>= 7.3.12),
NeuralNetTools (>= 1.5.1), sandwich (>= 2.3.4), car (>= 2.1.3),
ggplot2 (>= 2.2.1), gridExtra (>= 2.0.0), data.tree (>= 0.7.4),
stringr (>= 1.1.0), lubridate (>= 1.7.2), tidyr (>= 0.8.0),
dplyr (>= 0.7.6), rlang (>= 0.2.2), magrittr (>= 1.5),
DiagrammeR (>= 1.0.0), import (>= 1.1.0), psych (>= 1.8.4),
e1071 (>= 1.6.8), rpart (>= 4.1.11), yaml",NA,"testthat (>= 2.0.0), pkgdown (>= 1.1.0)",NA,AGPL-3 | file LICENSE,NA,NA,NA,NA,no,3.5.1
radiant.multivariate,C:/R/R-3.5.1/library,0.9.7,NA,"R (>= 3.4.0), radiant.data (>= 0.9.7)","radiant.model (>= 0.9.7), shiny (>= 1.1.0), dplyr (>= 0.7.5),
rlang (>= 0.2.0), ggplot2 (>= 2.2.1), gridExtra (>= 2.0.0),
scales (>= 0.4.0), magrittr (>= 1.5), psych (>= 1.8.4),
GPArotation (>= 2014.11-1), car (>= 2.1.1), MASS (>= 7.3),
import (>= 1.1.0), Gmedian (>= 1.2.3), ggrepel (>= 0.8)",NA,"testthat (>= 2.0.0), pkgdown (>= 1.1.0)",NA,AGPL-3 | file LICENSE,NA,NA,NA,NA,no,3.5.1
rappdirs,C:/R/R-3.5.1/library,0.3.1,NA,"R (>= 2.14), methods",NA,NA,"testthat, roxygen2",NA,MIT + file LICENSE,NA,NA,NA,NA,yes,3.5.1
rapportools,C:/R/R-3.5.1/library,1.0,NA,reshape,"plyr, pander",NA,NA,NA,AGPL-3,NA,NA,NA,NA,no,3.5.1
raster,C:/R/R-3.5.1/library,2.8-4,NA,"methods, sp (>= 1.2-0), R (>= 3.0.0)",Rcpp,Rcpp,"rgdal (>= 0.9-1), rgeos (>= 0.3-8), ncdf4, igraph, tcltk,
parallel, rasterVis, MASS, sf, testthat",NA,GPL (>= 3),NA,NA,NA,NA,yes,3.5.1
rcmdcheck,C:/R/R-3.5.1/library,1.3.2,NA,NA,"callr (>= 2.0.0), cli, crayon, desc (>= 1.2.0), digest,
pkgbuild, prettyunits, R6, rprojroot, sessioninfo (>= 1.1.1),
utils, withr, xopen",NA,"covr, knitr, mockery, rmarkdown, testthat",NA,MIT + file LICENSE,NA,NA,NA,NA,no,3.5.1
RColorBrewer,C:/R/R-3.5.1/library,1.1-2,NA,R (>= 2.0.0),NA,NA,NA,NA,Apache License 2.0,NA,NA,NA,NA,no,3.5.0
Rcpp,C:/R/R-3.5.1/library,1.0.0,NA,R (>= 3.0.0),"methods, utils",NA,"RUnit, inline, rbenchmark, knitr, rmarkdown, pinp, pkgKitten
(>= 0.1.2)",NA,GPL (>= 2),NA,NA,NA,NA,yes,3.5.1
RcppArmadillo,C:/R/R-3.5.1/library,0.9.200.5.0,NA,R (>= 3.3.0),"Rcpp (>= 0.11.0), stats, utils, methods",Rcpp,"RUnit, Matrix, pkgKitten, reticulate, rmarkdown, knitr, pinp,
slam",NA,GPL (>= 2),NA,NA,NA,NA,yes,3.5.1
RcppEigen,C:/R/R-3.5.1/library,0.3.3.5.0,NA,R (>= 2.15.1),"Matrix (>= 1.1-0), Rcpp (>= 0.11.0), stats, utils",Rcpp,"inline, RUnit, pkgKitten, microbenchmark",NA,GPL (>= 2) | file LICENSE,NA,NA,NA,NA,yes,3.5.1
RCurl,C:/R/R-3.5.1/library,1.95-4.11,NA,"R (>= 3.0.0), methods, bitops",NA,NA,"Rcompression, XML",NA,BSD,NA,NA,NA,NA,yes,3.5.1
readr,C:/R/R-3.5.1/library,1.3.1,NA,R (>= 3.1),"Rcpp (>= 0.12.0.5), tibble, hms (>= 0.4.1), R6, clipr, crayon,
methods","Rcpp, BH","curl, testthat, knitr, rmarkdown, stringi, covr, spelling",NA,GPL (>= 2) | file LICENSE,NA,NA,NA,NA,yes,3.5.2
readxl,C:/R/R-3.5.1/library,1.2.0,NA,NA,"cellranger, progress, Rcpp (>= 0.12.18), tibble (>= 1.3.1),
utils","progress, Rcpp","covr, knitr, rmarkdown, rprojroot (>= 1.1), testthat",NA,GPL-3,NA,NA,NA,NA,yes,3.5.2
rebus,C:/R/R-3.5.1/library,0.1-3,NA,R (>= 3.1.0),"rebus.base (>= 0.0-3), rebus.datetimes, rebus.numbers,
rebus.unicode (>= 0.0-2)",NA,testthat,NA,Unlimited,NA,NA,NA,NA,no,3.5.1
rebus.base,C:/R/R-3.5.1/library,0.0-3,NA,R (>= 3.1.0),stats,NA,"stringi, testthat",NA,Unlimited,NA,NA,NA,NA,no,3.5.1
rebus.datetimes,C:/R/R-3.5.1/library,0.0-1,NA,R (>= 3.1.0),rebus.base,NA,"stats, testthat",NA,Unlimited,NA,NA,NA,NA,no,3.5.1
rebus.numbers,C:/R/R-3.5.1/library,0.0-1,NA,R (>= 3.1.0),"rebus.base, utils",NA,testthat,NA,Unlimited,NA,NA,NA,NA,no,3.5.1
rebus.unicode,C:/R/R-3.5.1/library,0.0-2,NA,R (>= 3.1.0),rebus.base (>= 0.0-2),NA,stringi,NA,Unlimited,NA,NA,NA,NA,no,3.5.1
rematch,C:/R/R-3.5.1/library,1.0.1,NA,NA,NA,NA,"covr, testthat",NA,MIT + file LICENSE,NA,NA,NA,NA,no,3.5.1
remotes,C:/R/R-3.5.1/library,2.0.2,NA,R (>= 3.0.0),"methods, utils",NA,"curl, covr, git2r (>= 0.23.0), knitr, mockery, pkgbuild (>=
1.0.1), pingr, rmarkdown, testthat, withr",NA,GPL (>= 2),NA,NA,NA,NA,no,3.5.1
reprex,C:/R/R-3.5.1/library,0.2.1,NA,R (>= 3.1),"callr (>= 2.0.0), clipr (>= 0.4.0), fs, rlang, rmarkdown,
tools, utils, whisker, withr",NA,"covr, devtools, fortunes, knitr, miniUI, rprojroot,
rstudioapi, shiny, styler (>= 1.0.2), testthat (>= 2.0.0)",NA,MIT + file LICENSE,NA,NA,NA,NA,no,3.5.1
reshape,C:/R/R-3.5.1/library,0.8.8,NA,R (>= 2.6.1),plyr,NA,NA,NA,MIT + file LICENSE,NA,NA,NA,NA,yes,3.5.1
reshape2,C:/R/R-3.5.1/library,1.4.3,NA,R (>= 3.1),"plyr (>= 1.8.1), Rcpp, stringr",Rcpp,"covr, lattice, testthat (>= 0.8.0)",NA,MIT + file LICENSE,NA,NA,NA,NA,yes,3.5.1
rgdal,C:/R/R-3.5.1/library,1.3-6,NA,"R (>= 3.3.0), methods, sp (>= 1.1-0)","grDevices, graphics, stats, utils",sp,NA,NA,GPL (>= 2),NA,NA,NA,NA,yes,3.5.1
rgexf,C:/R/R-3.5.1/library,0.15.3,NA,"XML, Rook, igraph",NA,NA,NA,NA,GPL (>= 3),NA,NA,NA,NA,yes,3.5.1
rio,C:/R/R-3.5.1/library,0.5.16,NA,R (>= 2.15.0),"tools, stats, utils, foreign, haven (>= 1.1.0), curl (>= 0.6),
data.table (>= 1.9.8), readxl (>= 0.1.1), openxlsx, tibble",NA,"datasets, bit64, testthat, knitr, magrittr, clipr, csvy,
feather, fst, hexView, jsonlite, readODS (>= 1.6.4), readr,
rmatio, xml2 (>= 1.2.0), yaml",NA,GPL-2,NA,NA,NA,NA,no,3.5.1
rJava,C:/R/R-3.5.1/library,0.9-10,NA,"R (>= 2.5.0), methods",NA,NA,NA,NA,GPL-2,NA,NA,NA,NA,yes,3.5.0
rlang,C:/R/R-3.5.1/library,0.3.1,NA,R (>= 3.1.0),NA,NA,"crayon, magrittr, methods, pillar, testthat (>= 2.0.0), covr",NA,GPL-3,NA,NA,NA,NA,yes,3.5.2
rmarkdown,C:/R/R-3.5.1/library,1.11,NA,R (>= 3.0),"tools, utils, knitr (>= 1.18), yaml (>= 2.1.19), htmltools (>=
0.3.5), evaluate (>= 0.8), base64enc, jsonlite, mime, tinytex
(>= 0.3), methods, stringr (>= 1.2.0)",NA,"shiny (>= 0.11), tufte, testthat, digest, dygraphs, tibble,
callr (>= 2.0.0)",NA,GPL-3,NA,NA,NA,NA,no,3.5.2
RNetCDF,C:/R/R-3.5.1/library,1.9-1,NA,R (>= 2.5.0),NA,NA,NA,NA,GPL (>= 2) | file LICENSE,NA,NA,NA,NA,yes,3.5.0
robustbase,C:/R/R-3.5.1/library,0.93-3,NA,R (>= 3.1.0),"stats, graphics, utils, methods, DEoptimR",NA,"grid, MASS, lattice, boot, cluster, Matrix, robust,
fit.models, MPV, xtable, ggplot2, GGally, RColorBrewer,
reshape2, sfsmisc, catdata, doParallel, foreach, skewt",NA,GPL (>= 2),NA,NA,NA,NA,yes,3.5.1
RODBC,C:/R/R-3.5.1/library,1.3-15,NA,R (>= 3.0.0),stats,NA,NA,NA,GPL-2 | GPL-3,NA,NA,NA,NA,yes,3.5.0
Rook,C:/R/R-3.5.1/library,1.1-1,NA,R (>= 2.13.0),"utils, tools, methods, brew",NA,NA,NA,GPL-2,NA,NA,NA,NA,yes,3.5.0
ROracle,C:/R/R-3.5.1/library,1.3-1,NA,"methods, DBI (>= 0.2-5)",utils,NA,NA,NA,LGPL,NA,NA,NA,NA,yes,3.5.1
rpart,C:/R/R-3.5.1/library,4.1-13,recommended,"R (>= 2.15.0), graphics, stats, grDevices",NA,NA,survival,NA,GPL-2 | GPL-3,NA,NA,NA,NA,yes,3.5.1
rprojroot,C:/R/R-3.5.1/library,1.3-2,NA,R (>= 3.0.0),backports,NA,"testthat, mockr, knitr, withr, rmarkdown",NA,GPL-3,NA,NA,NA,NA,no,3.5.1
RSpectra,C:/R/R-3.5.1/library,0.13-1,NA,R (>= 3.0.2),"Matrix (>= 1.1-0), Rcpp (>= 0.11.5)","Rcpp, RcppEigen (>= 0.3.2.2.0)","knitr, rmarkdown, prettydoc",NA,MPL (>= 2),NA,NA,NA,NA,yes,3.5.1
RSQLite,C:/R/R-3.5.1/library,2.1.1,NA,R (>= 3.1.0),"bit64, blob (>= 1.1.1), DBI (>= 1.0.0), memoise, methods,
pkgconfig, Rcpp (>= 0.12.7)","BH, plogr (>= 0.2.0), Rcpp","DBItest, knitr, rmarkdown, testthat",NA,LGPL (>= 2),NA,NA,NA,NA,yes,3.5.1
rstudioapi,C:/R/R-3.5.1/library,0.9.0,NA,NA,NA,NA,"testthat, knitr, rmarkdown",NA,MIT + file LICENSE,NA,NA,NA,NA,no,3.5.2
rvest,C:/R/R-3.5.1/library,0.3.2,NA,"R (>= 3.0.1), xml2","httr (>= 0.5), selectr, magrittr",NA,"testthat, knitr, png, stringi (>= 0.3.1), rmarkdown, covr",NA,GPL-3,NA,NA,NA,NA,no,3.5.1
sandwich,C:/R/R-3.5.1/library,2.5-0,NA,R (>= 2.10.0),"stats, utils, zoo",NA,"AER, car, geepack, lattice, lmtest, MASS, multiwayvcov,
parallel, pcse, plm, pscl, scatterplot3d, stats4, strucchange,
survival",NA,GPL-2 | GPL-3,NA,NA,NA,NA,no,3.5.1
satellite,C:/R/R-3.5.1/library,1.0.1,NA,"R (>= 2.10), raster, methods, utils, stats, grDevices,
graphics","plyr, Rcpp (>= 0.10.3), tools, stats4",Rcpp,"devtools, knitr, rgdal, testthat, rmarkdown",NA,GPL (>= 3) | file LICENSE,NA,NA,NA,NA,yes,3.5.1
scales,C:/R/R-3.5.1/library,1.0.0,NA,R (>= 3.1),"labeling, munsell (>= 0.5), R6, RColorBrewer, Rcpp,
viridisLite",Rcpp,"dichromat, bit64, covr, hms, testthat (>= 2.0)",NA,MIT + file LICENSE,NA,NA,NA,NA,yes,3.5.1
selectr,C:/R/R-3.5.1/library,0.4-1,NA,R (>= 3.0),"methods, stringr, R6",NA,"testthat, XML, xml2",NA,BSD_3_clause + file LICENCE,NA,NA,NA,NA,no,3.5.1
sessioninfo,C:/R/R-3.5.1/library,1.1.1,NA,NA,"cli, tools, utils, withr",NA,"callr, covr, mockery, testthat",NA,GPL-2,NA,NA,NA,NA,no,3.5.1
sf,C:/R/R-3.5.1/library,0.7-2,NA,"methods, R (>= 3.3.0)","classInt (>= 0.2-1), DBI (>= 0.8), graphics, grDevices, grid,
magrittr, Rcpp, stats, tools, units (>= 0.6-0), utils",Rcpp,"blob, covr, dplyr (>= 0.7-0), ggplot2, knitr, lwgeom (>=
0.1-5), maps, maptools, mapview, microbenchmark, odbc, pillar,
pool, raster, rgdal, rgeos, rlang, rmarkdown, RPostgres (>=
1.1.0), RPostgreSQL, RSQLite, sp (>= 1.2-4), spatstat, stars
(>= 0.2-0), testthat, tibble (>= 1.4.1), tidyr (>= 0.7-2),
tidyselect, tmap (>= 2.0)",NA,GPL-2 | MIT + file LICENSE,NA,NA,NA,NA,yes,3.5.2
shiny,C:/R/R-3.5.1/library,1.2.0,NA,"R (>= 3.0.2), methods","utils, grDevices, httpuv (>= 1.4.4), mime (>= 0.3), jsonlite
(>= 0.9.16), xtable, digest, htmltools (>= 0.3.5), R6 (>= 2.0),
sourcetools, later (>= 0.7.2), promises (>= 1.0.1), tools,
crayon, rlang",NA,"datasets, Cairo (>= 1.5-5), testthat, knitr (>= 1.6),
markdown, rmarkdown, ggplot2, magrittr",NA,GPL-3 | file LICENSE,NA,NA,NA,NA,no,3.5.1
shinyAce,C:/R/R-3.5.1/library,0.3.3,NA,R (>= 3.4.0),"shiny (>= 1.0.5), jsonlite",NA,"testthat (>= 2.0.0), dplyr (>= 0.7.4)",NA,MIT + file LICENSE,NA,NA,NA,NA,no,3.5.2
shinyFiles,C:/R/R-3.5.1/library,0.7.2,NA,NA,"htmltools, jsonlite, tools, shiny (>= 1.1.0), fs (>= 1.2.6),
tibble (>= 1.4.2)",NA,NA,NA,GPL (>= 2),NA,NA,NA,NA,no,3.5.1
slam,C:/R/R-3.5.1/library,0.1-44,NA,R (>= 3.4.0),stats,NA,NA,"Matrix, SparseM, spam",GPL-2,NA,NA,NA,NA,yes,3.5.2
sodium,C:/R/R-3.5.1/library,1.1,NA,NA,NA,NA,"knitr, rmarkdown",NA,MIT + file LICENSE,NA,NA,NA,NA,yes,3.5.1
sourcetools,C:/R/R-3.5.1/library,0.1.7,NA,R (>= 3.0.2),NA,NA,testthat,NA,MIT + file LICENSE,NA,NA,NA,NA,yes,3.5.1
sp,C:/R/R-3.5.1/library,1.3-1,NA,"R (>= 3.0.0), methods","utils, stats, graphics, grDevices, lattice, grid",NA,"RColorBrewer, rgdal (>= 0.8-7), rgeos (>= 0.3-13), gstat,
maptools, deldir",NA,GPL (>= 2),NA,NA,NA,NA,yes,3.5.1
SparseM,C:/R/R-3.5.1/library,1.77,NA,"R (>= 2.15), methods","graphics, stats, utils",NA,NA,NA,GPL (>= 2),NA,NA,NA,NA,yes,3.5.0
spatial,C:/R/R-3.5.1/library,7.3-11,recommended,"R (>= 3.0.0), graphics, stats, utils",NA,NA,MASS,NA,GPL-2 | GPL-3,NA,NA,NA,NA,yes,3.5.1
spData,C:/R/R-3.5.1/library,0.3.0,NA,R (>= 3.3.0),NA,NA,"foreign, maptools, raster, rgdal, sf, sp, spDataLarge (>=
0.3.0), spdep",NA,CC0,NA,NA,NA,NA,no,3.5.2
splines,C:/R/R-3.5.1/library,3.5.1,base,NA,"graphics, stats",NA,"Matrix, methods",NA,Part of R 3.5.1,NA,NA,NA,NA,yes,3.5.1
stars,C:/R/R-3.5.1/library,0.2-0,NA,"abind, R (>= 3.3.0), sf (>= 0.7-0)","methods, parallel, classInt (>= 0.2-2), ncdf4, ncmeta, rlang,
units",NA,"covr, dplyr (>= 0.7-0), ggplot2, ggthemes, gstat, knitr,
lwgeom, maps, pbapply, plm, raster, rmarkdown, sp, spacetime,
testthat, viridis, zoo, xts, starsdata",NA,Apache License,NA,NA,NA,NA,no,3.5.1
stats,C:/R/R-3.5.1/library,3.5.1,base,NA,"utils, grDevices, graphics",NA,"MASS, Matrix, SuppDists, methods, stats4",NA,Part of R 3.5.1,NA,NA,NA,NA,yes,3.5.1
stats4,C:/R/R-3.5.1/library,3.5.1,base,NA,"graphics, methods, stats",NA,NA,NA,Part of R 3.5.1,NA,NA,NA,NA,NA,3.5.1
stringdist,C:/R/R-3.5.1/library,0.9.5.1,NA,R (>= 2.15.3),parallel,NA,testthat,NA,GPL-3,NA,NA,NA,NA,yes,3.5.1
stringi,C:/R/R-3.5.1/library,1.2.4,NA,R (>= 2.14),"tools, utils, stats",NA,NA,NA,file LICENSE,yes,NA,NA,NA,yes,3.5.1
stringr,C:/R/R-3.5.1/library,1.3.1,NA,R (>= 3.1),"glue (>= 1.2.0), magrittr, stringi (>= 1.1.7)",NA,"covr, htmltools, htmlwidgets, knitr, rmarkdown, testthat",NA,GPL-2 | file LICENSE,NA,NA,NA,NA,no,3.5.1
summarytools,C:/R/R-3.5.1/library,0.8.8,NA,NA,"grDevices, htmltools, lubridate, matrixStats, methods, pander,
pryr, rapportools, RCurl, utils",NA,"rstudioapi, knitr, rmarkdown",NA,GPL-2,NA,NA,NA,NA,no,3.5.1
survival,C:/R/R-3.5.1/library,2.43-3,recommended,R (>= 2.13.0),"graphics, Matrix, methods, splines, stats, utils",NA,NA,NA,LGPL (>= 2),NA,NA,NA,NA,yes,3.5.1
svglite,C:/R/R-3.5.1/library,1.2.1,NA,R (>= 3.0.0),"Rcpp, gdtools (>= 0.1.6)","Rcpp, gdtools, BH","htmltools, testthat, xml2 (>= 1.0.0), covr, fontquiver (>=
0.2.0), knitr, rmarkdown",NA,GPL (>= 2),NA,NA,NA,NA,yes,3.5.1
tcltk,C:/R/R-3.5.1/library,3.5.1,base,NA,utils,NA,NA,NA,Part of R 3.5.1,NA,NA,NA,NA,yes,3.5.1
tibble,C:/R/R-3.5.1/library,2.0.1,NA,R (>= 3.1.0),"cli (>= 1.0.1), crayon (>= 1.3.4), fansi (>= 0.4.0), methods,
pillar (>= 1.3.1), pkgconfig (>= 2.0.2), rlang (>= 0.3.1),
utils",NA,"bench (>= 1.0.1), covr (>= 3.2.1), dplyr (>= 0.7.8),
htmltools (>= 0.3.6), import (>= 1.1.0), knitr (>= 1.21), mockr
(>= 0.1), nycflights13 (>= 1.0.0), rmarkdown (>= 1.11),
testthat (>= 2.0.1), withr (>= 2.1.2)",NA,MIT + file LICENSE,NA,NA,NA,NA,yes,3.5.2
tictoc,C:/R/R-3.5.1/library,1.0,NA,"R (>= 3.0.3), methods",NA,NA,NA,NA,Apache License (== 2.0) | file LICENSE,NA,NA,NA,NA,no,3.5.0
tidyr,C:/R/R-3.5.1/library,0.8.2,NA,R (>= 3.1),"dplyr (>= 0.7.0), glue, magrittr, purrr, Rcpp, rlang, stringi,
tibble, tidyselect (>= 0.2.5)",Rcpp,"covr, gapminder, knitr, rmarkdown, testthat",NA,MIT + file LICENSE,NA,NA,NA,NA,yes,3.5.1
tidyselect,C:/R/R-3.5.1/library,0.2.5,NA,R (>= 3.1),"glue (>= 1.3.0), purrr, rlang (>= 0.2.2), Rcpp (>= 0.12.0)","Rcpp (>= 0.12.0),","covr, dplyr, testthat",NA,GPL-3,NA,NA,NA,NA,yes,3.5.1
tidyverse,C:/R/R-3.5.1/library,1.2.1,NA,NA,"broom (>= 0.4.2), cli (>= 1.0.0), crayon (>= 1.3.4), dplyr (>=
0.7.4), dbplyr (>= 1.1.0), forcats (>= 0.2.0), ggplot2 (>=
2.2.1), haven (>= 1.1.0), hms (>= 0.3), httr (>= 1.3.1),
jsonlite (>= 1.5), lubridate (>= 1.7.1), magrittr (>= 1.5),
modelr (>= 0.1.1), purrr (>= 0.2.4), readr (>= 1.1.1), readxl
(>= 1.0.0), reprex (>= 0.1.1), rlang (>= 0.1.4), rstudioapi (>=
0.7), rvest (>= 0.3.2), stringr (>= 1.2.0), tibble (>= 1.3.4),
tidyr (>= 0.7.2), xml2 (>= 1.1.1)",NA,"feather (>= 0.3.1), knitr (>= 1.17), rmarkdown (>= 1.7.4)",NA,GPL-3 | file LICENSE,NA,NA,NA,NA,no,3.5.2
tigris,C:/R/R-3.5.1/library,0.7,NA,R (>= 3.3.0),"stringr, magrittr, rgdal, sp, utils, rappdirs, maptools, httr,
uuid, sf, dplyr, methods",NA,"acs, testthat, ggplot2, ggthemes, leaflet, knitr, rgeos",NA,MIT + file LICENSE,NA,NA,NA,NA,no,3.5.1
tinytex,C:/R/R-3.5.1/library,0.10,NA,NA,xfun (>= 0.3),NA,"testit, rstudioapi",NA,MIT + file LICENSE,NA,NA,NA,NA,no,3.5.2
tm,C:/R/R-3.5.1/library,0.7-6,NA,"R (>= 3.2.0), NLP (>= 0.2-0)","Rcpp, parallel, slam (>= 0.1-37), stats, tools, utils,
graphics, xml2","BH, Rcpp","antiword, filehash, methods, pdftools, Rcampdf, Rgraphviz,
Rpoppler, SnowballC, testthat, tm.lexicon.GeneralInquirer",NA,GPL-3,NA,NA,NA,NA,yes,3.5.2
tools,C:/R/R-3.5.1/library,3.5.1,base,NA,NA,NA,"codetools, methods, xml2, curl",NA,Part of R 3.5.1,NA,NA,NA,NA,yes,3.5.1
translations,C:/R/R-3.5.1/library,3.5.1,NA,NA,NA,NA,NA,NA,Part of R 3.5.1,NA,NA,NA,NA,NA,3.5.1
units,C:/R/R-3.5.1/library,0.6-2,NA,R (>= 3.0.2),Rcpp,Rcpp (>= 0.12.10),"udunits2, NISTunits, measurements, xml2, tibble, pillar (>=
1.3.0), knitr, testthat, ggforce, rmarkdown, magrittr",NA,GPL-2,NA,NA,NA,NA,yes,3.5.2
usethis,C:/R/R-3.5.1/library,1.4.0,NA,R (>= 3.1),"clipr (>= 0.3.0), clisymbols, crayon, curl (>= 2.7), desc, fs
(>= 1.2.0), gh, git2r (>= 0.23), glue, rlang, rprojroot (>=
1.2), rstudioapi, utils, whisker",NA,"covr, knitr, magick, rmarkdown, roxygen2, spelling (>= 1.2),
styler (>= 1.0.2), testthat (>= 2.0.0), withr",NA,GPL-3,NA,NA,NA,NA,no,3.5.2
utf8,C:/R/R-3.5.1/library,1.1.4,NA,R (>= 2.10),NA,NA,"knitr, rmarkdown, testthat",NA,Apache License (== 2.0) | file LICENSE,NA,NA,NA,NA,yes,3.5.1
utils,C:/R/R-3.5.1/library,3.5.1,base,NA,NA,NA,"methods, xml2, commonmark",NA,Part of R 3.5.1,NA,NA,NA,NA,yes,3.5.1
uuid,C:/R/R-3.5.1/library,0.1-2,NA,R (>= 2.9.0),NA,NA,NA,NA,MIT + file LICENSE,NA,NA,NA,NA,yes,3.5.0
viridis,C:/R/R-3.5.1/library,0.5.1,NA,"R (>= 2.10), viridisLite (>= 0.3.0)","stats, ggplot2 (>= 1.0.1), gridExtra",NA,"hexbin (>= 1.27.0), scales, MASS, knitr, dichromat,
colorspace, rasterVis, httr, mapproj, vdiffr, svglite (>=
1.2.0), testthat, covr, rmarkdown, rgdal",NA,MIT + file LICENSE,NA,NA,NA,NA,no,3.5.1
viridisLite,C:/R/R-3.5.1/library,0.3.0,NA,R (>= 2.10),NA,NA,"hexbin (>= 1.27.0), ggplot2 (>= 1.0.1), testthat, covr",NA,MIT + file LICENSE,NA,NA,NA,NA,no,3.5.1
visNetwork,C:/R/R-3.5.1/library,2.0.5,NA,R (>= 3.0),"htmlwidgets, htmltools, jsonlite, magrittr, utils, methods,
grDevices, stats",NA,"knitr, rmarkdown, webshot, igraph, rpart, shiny,
shinyWidgets, colourpicker, sparkline, ggraph, flashClust",NA,MIT + file LICENSE,NA,NA,NA,NA,no,3.5.2
webshot,C:/R/R-3.5.1/library,0.5.1,NA,R (>= 3.0),"magrittr, jsonlite, callr",NA,"httpuv, knitr, rmarkdown, shiny",NA,GPL-2,NA,NA,NA,NA,no,3.5.1
whisker,C:/R/R-3.5.1/library,0.3-2,NA,NA,NA,NA,markdown,NA,GPL-3,NA,NA,NA,NA,no,3.5.1
withr,C:/R/R-3.5.1/library,2.1.2,NA,R (>= 3.0.2),"stats, graphics, grDevices",NA,"testthat, covr, lattice, DBI, RSQLite, methods, knitr,
rmarkdown",NA,GPL (>= 2),NA,NA,NA,NA,no,3.5.1
writexl,C:/R/R-3.5.1/library,1.1,NA,NA,NA,NA,"spelling, readxl, nycflights13, testthat, bit64",NA,BSD_2_clause + file LICENSE,NA,NA,NA,NA,yes,3.5.2
xfun,C:/R/R-3.5.1/library,0.4,NA,NA,tools,NA,"testit, parallel, rstudioapi, tinytex, mime, markdown, knitr,
htmltools, base64enc, rmarkdown",NA,MIT + file LICENSE,NA,NA,NA,NA,no,3.5.1
xlsx,C:/R/R-3.5.1/library,0.6.1,NA,NA,"rJava, xlsxjars, grDevices, utils",NA,NA,NA,GPL-3,NA,NA,NA,NA,no,3.5.0
xlsxjars,C:/R/R-3.5.1/library,0.6.1,NA,rJava,NA,NA,NA,NA,GPL-3,NA,NA,NA,NA,no,3.5.0
XML,C:/R/R-3.5.1/library,3.98-1.16,NA,"R (>= 2.13.0), methods, utils",NA,NA,"bitops, RCurl",NA,BSD_2_clause + file LICENSE,NA,NA,NA,NA,yes,3.5.1
xml2,C:/R/R-3.5.1/library,1.2.0,NA,R (>= 3.1.0),Rcpp,Rcpp (>= 0.12.12),"testthat, curl, covr, knitr, rmarkdown, magrittr, httr",NA,GPL (>= 2),NA,NA,NA,NA,yes,3.5.1
xopen,C:/R/R-3.5.1/library,1.0.0,NA,R (>= 3.1),processx,NA,"ps, testthat",NA,MIT + file LICENSE,NA,NA,NA,NA,no,3.5.1
xtable,C:/R/R-3.5.1/library,1.8-3,NA,R (>= 2.10.0),"stats, utils",NA,"knitr, spdep, splm, sphet, plm, zoo, survival",NA,GPL (>= 2),NA,NA,NA,NA,no,3.5.1
yaml,C:/R/R-3.5.1/library,2.2.0,NA,NA,NA,NA,RUnit,NA,BSD_3_clause + file LICENSE,NA,NA,NA,NA,yes,3.5.1
zip,C:/R/R-3.5.1/library,1.0.0,NA,NA,NA,NA,"covr, testthat, withr",NA,CC0,NA,NA,NA,NA,yes,3.5.1
zoo,C:/R/R-3.5.1/library,1.8-4,NA,"R (>= 3.1.0), stats","utils, graphics, grDevices, lattice (>= 0.20-27)",NA,"coda, chron, DAAG, fts, ggplot2, mondate, scales,
strucchange, timeDate, timeSeries, tis, tseries, xts",NA,GPL-2 | GPL-3,NA,NA,NA,NA,yes,3.5.1
